[
    {
        "actionName": "Action",
        "steps": [
            {
                "stepId": "STEP2",
                "stepName": "Custom Request: login",
                "infFile": "t2.inf",
                "time": 1708754557847
            },
            {
                "stepId": "STEP3",
                "stepName": "Url: contactList",
                "infFile": "t3.inf",
                "time": 1708754558364
            },
            {
                "stepId": "STEP4",
                "stepName": "Custom Request: contacts",
                "infFile": "t4.inf",
                "time": 1708754558627
            },
            {
                "stepId": "STEP5",
                "stepName": "Url: addContact",
                "infFile": "t5.inf",
                "time": 1708754559116
            },
            {
                "stepId": "STEP6",
                "stepName": "Custom Request: contacts_2",
                "infFile": "t6.inf",
                "time": 1708754559403
            },
            {
                "stepId": "STEP7",
                "stepName": "Url: contactList_2",
                "infFile": "t7.inf",
                "time": 1708754559887
            },
            {
                "stepId": "STEP8",
                "stepName": "Custom Request: contacts_3",
                "infFile": "t8.inf",
                "time": 1708754560144
            }
        ],
        "transactions": []
    }
]