[{"_id":"65d93d323718ca001310a880","firstName":"Aiswarya","lastName":"Saju","birthdate":"1998-09-27","owner":"65d86a8d3718ca001310a6c0","__v":0},{"_id":"65d940fdc0d7050013a342a6","firstName":"Aiswarya","lastName":"Saju","birthdate":"1998-09-27","owner":"65d86a8d3718ca001310a6c0","__v":0},{"_id":"65d9464b3718ca001310a888","firstName":"Aiswarya","lastName":"Saju","birthdate":"1998-09-27","owner":"65d86a8d3718ca001310a6c0","__v":0},{"_id":"65d9488c3718ca001310a88a","firstName":"Aiswarya","lastName":"Saju","birthdate":"1998-09-27","owner":"65d86a8d3718ca001310a6c0","__v":0},{"_id":"65d9488dc0d7050013a342ae","firstName":"Aiswarya","lastName":"Saju","birthdate":"1998-09-27","owner":"65d86a8d3718ca001310a6c0","__v":0},{"_id":"65d94899c0d7050013a342af","firstName":"Aiswarya","lastName":"Saju","birthdate":"1998-09-27","owner":"65d86a8d3718ca001310a6c0","__v":0},{"_id":"65d948a83718ca001310a88b","firstName":"Aiswarya","lastName":"Saju","birthdate":"1998-09-27","owner":"65d86a8d3718ca001310a6c0","__v":0},{"_id":"65d948ff3718ca001310a88f","firstName":"Aiswarya","lastName":"Saju","birthdate":"1998-09-27","owner":"65d86a8d3718ca001310a6c0","__v":0},{"_id":"65d94900c0d7050013a342b3","firstName":"Aiswarya","lastName":"Saju","birthdate":"1998-09-27","owner":"65d86a8d3718ca001310a6c0","__v":0},{"_id":"65d9490c3718ca001310a890","firstName":"Aiswarya","lastName":"Saju","birthdate":"1998-09-27","owner":"65d86a8d3718ca001310a6c0","__v":0},{"_id":"65d9491bc0d7050013a342b4","firstName":"Aiswarya","lastName":"Saju","birthdate":"1998-09-27","owner":"65d86a8d3718ca001310a6c0","__v":0},{"_id":"65d94971c0d7050013a342b7","firstName":"Aiswarya","lastName":"Saju","birthdate":"1998-09-27","owner":"65d86a8d3718ca001310a6c0","__v":0},{"_id":"65d94971c0d7050013a342b8","firstName":"Aiswarya","lastName":"Saju","birthdate":"1998-09-27","owner":"65d86a8d3718ca001310a6c0","__v":0},{"_id":"65d9497d3718ca001310a893","firstName":"Aiswarya","lastName":"Saju","birthdate":"1998-09-27","owner":"65d86a8d3718ca001310a6c0","__v":0},{"_id":"65d949ee3718ca001310a894","firstName":"Aiswarya","lastName":"Saju","birthdate":"1998-09-27","owner":"65d86a8d3718ca001310a6c0","__v":0},{"_id":"65d98772c0d7050013a3430f","firstName":"Aiswarya","lastName":"Saju","birthdate":"1998-09-27","street1":"ahsh","street2":"sjsj","city":"Kottayam","stateProvince":"Kerala","postalCode":"686518","country":"India","owner":"65d86a8d3718ca001310a6c0","__v":0},{"_id":"65d86abe3718ca001310a6c2","firstName":"bjnjj","lastName":"bjnj","birthdate":"1997-08-31","email":"sha@gmail.com","phone":"07686357965","street1":"zgzzj","street2":"kijj","city":"bjhihiu","stateProvince":"jijiji","postalCode":"685585","country":"India","owner":"65d86a8d3718ca001310a6c0","__v":0},{"_id":"65d86c6031cfee001367506d","firstName":"nccdnc","lastName":"c ndc d","birthdate":"1999-04-21","email":"sha@gmail.com","phone":"07686357965","street1":"zgzzj","street2":"kijj","city":"bjhihiu","stateProvince":"jijiji","postalCode":"685585","country":"India","owner":"65d86a8d3718ca001310a6c0","__v":0},{"_id":"65d8705c31cfee0013675095","firstName":"nccdnc","lastName":"c ndc d","birthdate":"1999-04-21","email":"sha@gmail.com","phone":"07686357965","street1":"zgzzj","street2":"kijj","city":"bjhihiu","stateProvince":"jijiji","postalCode":"685585","country":"India","owner":"65d86a8d3718ca001310a6c0","__v":0},{"_id":"65d872203718ca001310a6f2","firstName":"nccdnc","lastName":"c ndc d","birthdate":"1999-04-21","email":"sha@gmail.com","phone":"07686357965","street1":"zgzzj","street2":"kijj","city":"bjhihiu","stateProvince":"jijiji","postalCode":"685585","country":"India","owner":"65d86a8d3718ca001310a6c0","__v":0},{"_id":"65d98799eaa4ad00131e5ac5","firstName":"shahanas","lastName":"mm","birthdate":"1997-02-21","email":"sha@gmail.com","phone":"7356864677","street1":"mmmm","street2":"mmmm","city":"hhhhh","stateProvince":"sgsuu","postalCode":"687788","country":"mmm","owner":"65d86a8d3718ca001310a6c0","__v":0},{"_id":"65d98571eaa4ad00131e5aa4","firstName":"sha","lastName":"smsk","birthdate":"1997-02-21","email":"sha@gmail.com","phone":"07686357965","street1":"zgzzj","street2":"kijj","city":"bjhihiu","stateProvince":"jijiji","postalCode":"685585","country":"India","owner":"65d86a8d3718ca001310a6c0","__v":0}]