[
    {
        "actionName": "vuser_end",
        "steps": [
            {
                "stepId": "STEP9",
                "stepName": "Url: logout",
                "infFile": "t9.inf",
                "time": 1708755446135
            },
            {
                "stepId": "STEP10",
                "stepName": "Url: thinking-tester-contact-list.herokuapp.com_2",
                "infFile": "t11.inf",
                "time": 1708755446893
            }
        ],
        "transactions": []
    }
]